{"accuracy": [0.3905388414859772, 0.7783834338188171, 0.8765664100646973, 0.9040727019309998, 0.9258145093917847, 0.9441102743148804, 0.9469924569129944, 0.9587092995643616, 0.9588972330093384, 0.9689223170280457, 0.9686716794967651, 0.9739348292350769, 0.9750626683235168, 0.9809523820877075, 0.9810150265693665, 0.9830827116966248, 0.9813909530639648, 0.9850250482559204, 0.9864035248756409, 0.9835212826728821], "loss": [2.0275566577911377, 0.7197375297546387, 0.43196579813957214, 0.35010993480682373, 0.26370134949684143, 0.2141321301460266, 0.19369558990001678, 0.1552972048521042, 0.15347717702388763, 0.12012814730405807, 0.11803506314754486, 0.09587102383375168, 0.10283304750919342, 0.07079311460256577, 0.07721636444330215, 0.06682787090539932, 0.07755818963050842, 0.06098247691988945, 0.056947965174913406, 0.07088031619787216], "val_accuracy": [0.5504385828971863, 0.5280701518058777, 0.8087719082832336, 0.8464912176132202, 0.875, 0.3885965049266815, 0.6793859601020813, 0.8649122714996338, 0.8837719559669495, 0.21271929144859314, 0.847806990146637, 0.5596491098403931, 0.9017543792724609, 0.6986842155456543, 0.9600877165794373, 0.7513157725334167, 0.9149122834205627, 0.932894766330719, 0.7877193093299866, 0.8925438523292542], "val_loss": [1.8057212829589844, 2.020683526992798, 0.7599269151687622, 0.6000239849090576, 0.536912739276886, 5.17894983291626, 1.8628220558166504, 0.6214880347251892, 0.4472472071647644, 9.471137046813965, 0.6707782745361328, 3.6608693599700928, 0.41355571150779724, 2.20483136177063, 0.21686197817325592, 1.4032827615737915, 0.3778111934661865, 0.380515992641449, 1.2279331684112549, 0.5482066869735718]}