{"accuracy": [0.03665413707494736, 0.05620300769805908, 0.12650376558303833, 0.18834586441516876, 0.22305764257907867, 0.2545112669467926, 0.2834586501121521, 0.3111528754234314, 0.3351503610610962, 0.3528822064399719, 0.38189223408699036, 0.39661654829978943, 0.42023810744285583, 0.43483710289001465, 0.4493107795715332, 0.47280701994895935, 0.49210527539253235, 0.5086466073989868, 0.5216792225837708, 0.5399749279022217, 0.5518797039985657, 0.5655388236045837, 0.5854636430740356, 0.5887218117713928, 0.6124060153961182, 0.6200501322746277, 0.6308270692825317, 0.6460526585578918, 0.651190459728241, 0.6573934555053711, 0.6674185395240784, 0.6748120188713074, 0.6853383183479309, 0.6983709335327148, 0.7066416144371033, 0.7117167711257935, 0.7197995185852051, 0.723872184753418, 0.7276315689086914, 0.7348371148109436, 0.7422932386398315, 0.7447368502616882, 0.7563283443450928, 0.757957398891449, 0.7641603946685791, 0.7688596248626709, 0.7671679258346558, 0.775626540184021, 0.7828947305679321, 0.7854636311531067, 0.787468671798706, 0.7931077480316162, 0.8020676970481873, 0.7984336018562317, 0.8050125241279602, 0.8098997473716736, 0.8076441287994385, 0.8145989775657654, 0.8204887509346008, 0.8206140398979187, 0.82506263256073, 0.8261904716491699, 0.8286340832710266, 0.8360275626182556, 0.8411654233932495, 0.8368421196937561, 0.8422932624816895, 0.8441729545593262, 0.8387218117713928, 0.8479949831962585, 0.8525689244270325, 0.8543859720230103], "loss": [3.2907044887542725, 3.2579236030578613, 2.90175199508667, 2.6153712272644043, 2.460588216781616, 2.352065086364746, 2.2515244483947754, 2.1535542011260986, 2.0568687915802, 1.980609655380249, 1.8973954916000366, 1.8331769704818726, 1.7579803466796875, 1.6856305599212646, 1.6424477100372314, 1.5683287382125854, 1.5044416189193726, 1.4704763889312744, 1.4076457023620605, 1.3561038970947266, 1.3063921928405762, 1.2606173753738403, 1.2164061069488525, 1.1985663175582886, 1.1394275426864624, 1.105096459388733, 1.0673445463180542, 1.032349705696106, 1.0074405670166016, 0.9922171831130981, 0.9599227905273438, 0.9429639577865601, 0.9103668332099915, 0.8811398148536682, 0.8558791875839233, 0.831285834312439, 0.8127477765083313, 0.7964785695075989, 0.780672550201416, 0.7650895714759827, 0.7447371482849121, 0.7271815538406372, 0.7039558291435242, 0.6891141533851624, 0.6801353693008423, 0.6668282151222229, 0.6589939594268799, 0.6476030349731445, 0.6333329677581787, 0.6160045266151428, 0.6107420325279236, 0.5964661836624146, 0.5727641582489014, 0.5717541575431824, 0.5605695247650146, 0.5439021587371826, 0.5422502756118774, 0.5314099788665771, 0.5121030807495117, 0.5074414610862732, 0.49422791600227356, 0.48943668603897095, 0.48390647768974304, 0.4754995107650757, 0.4621396064758301, 0.4657849371433258, 0.46011242270469666, 0.4440433084964752, 0.4508301615715027, 0.43989795446395874, 0.42952513694763184, 0.41480106115341187], "val_accuracy": [0.041228070855140686, 0.0736842080950737, 0.20657894015312195, 0.2504386007785797, 0.2951754331588745, 0.3021929860115051, 0.3627192974090576, 0.3657894730567932, 0.39824560284614563, 0.41447368264198303, 0.4100877046585083, 0.45394736528396606, 0.4710526168346405, 0.46973684430122375, 0.5162280797958374, 0.5083333253860474, 0.5521929860115051, 0.571052610874176, 0.571052610874176, 0.5837719440460205, 0.6052631735801697, 0.6118420958518982, 0.6504386067390442, 0.6407894492149353, 0.6605263352394104, 0.682894766330719, 0.6543859839439392, 0.6903508901596069, 0.6903508901596069, 0.6947368383407593, 0.7254385948181152, 0.7236841917037964, 0.7350876927375793, 0.7333333492279053, 0.7105262875556946, 0.7469298243522644, 0.7583333253860474, 0.7587719559669495, 0.761403501033783, 0.7631579041481018, 0.792543888092041, 0.800000011920929, 0.7565789222717285, 0.7986842393875122, 0.7864035367965698, 0.7986842393875122, 0.8074561357498169, 0.8013157844543457, 0.8035087585449219, 0.7964912056922913, 0.7864035367965698, 0.821052610874176, 0.803947389125824, 0.8122807145118713, 0.8346491456031799, 0.8201754093170166, 0.8179824352264404, 0.8328947424888611, 0.8333333134651184, 0.8469298481941223, 0.8425438404083252, 0.844298243522644, 0.8504385948181152, 0.8688596487045288, 0.8184210658073425, 0.8539473414421082, 0.8666666746139526, 0.8592105507850647, 0.8653509020805359, 0.8653509020805359, 0.8622807264328003, 0.8618420958518982], "val_loss": [3.2863380908966064, 3.157431125640869, 2.6360652446746826, 2.447263479232788, 2.3095507621765137, 2.219735860824585, 2.056081771850586, 1.9902675151824951, 1.8821015357971191, 1.7971909046173096, 1.752337098121643, 1.6541616916656494, 1.5610401630401611, 1.559816598892212, 1.4946973323822021, 1.4389585256576538, 1.3246052265167236, 1.2937794923782349, 1.2674237489700317, 1.2385709285736084, 1.1932718753814697, 1.1718978881835938, 1.063771367073059, 1.030099630355835, 1.0022475719451904, 0.9765670895576477, 1.0026289224624634, 0.9120424389839172, 0.901467502117157, 0.8983914852142334, 0.8216797709465027, 0.8128862380981445, 0.7992001175880432, 0.7827926874160767, 0.8417422771453857, 0.7369751930236816, 0.727297306060791, 0.7130111455917358, 0.6964474320411682, 0.6942931413650513, 0.632753312587738, 0.6195271611213684, 0.7035009264945984, 0.6282051801681519, 0.6435447931289673, 0.6045835614204407, 0.6006954312324524, 0.5945421457290649, 0.6007446050643921, 0.6051130294799805, 0.6336387395858765, 0.5549027323722839, 0.5702148675918579, 0.5721718072891235, 0.5082517862319946, 0.5489553213119507, 0.5495208501815796, 0.4864269495010376, 0.5096402764320374, 0.4572211503982544, 0.4722681939601898, 0.47799164056777954, 0.46157070994377136, 0.4271203279495239, 0.5342351198196411, 0.45311760902404785, 0.4144650101661682, 0.43385347723960876, 0.4342525899410248, 0.4345856308937073, 0.44927453994750977, 0.42987310886383057]}